id	source	title_en	title_zh	provenance	tags
sfx_0001	转场/Abyssal_Blast_2026-09-24T092612.wav	Abyssal Blast	深渊爆响	elevenlabs	impact,dark,deep,cinematic
sfx_0002	转场/Abyssal_Slam_2026-09-24T091056.wav	Abyssal Slam	深渊重击	elevenlabs	impact,dark,deep
sfx_0003	转场/Abyssal_Suction_2026-09-24T092317.wav	Abyssal Suction	深渊倒吸	elevenlabs	suction,dark,tense
sfx_0004	转场/Apex_Ascent_2026-09-25T093045.wav	Apex Ascent	顶点上扬	elevenlabs	riser,drone,epic,buildup
sfx_0005	转场/Ascending_Harp_Glissando_2026-09-24T092019.wav	Ascending Harp Glissando	竖琴上行刮奏	elevenlabs	harp,riser,bright,dreamy
sfx_0006	转场/Braam_Inward_2026-09-24T092317.wav	Braam Inward	内收铜管低鸣	elevenlabs	braam,impact,dark,tense
sfx_0007	转场/Cavernous_Echo_2026-09-24T092105.wav	Cavernous Echo	洞穴回响	elevenlabs	bed,dark,mysterious
sfx_0008	转场/Cavernous_Impact_2026-09-24T092105.wav	Cavernous Impact	洞穴撞击	elevenlabs	impact,dark,deep
sfx_0009	转场/Cinematic_Slam_2026-09-24T091543.wav	Cinematic Slam	电影重击	elevenlabs	impact,cinematic,epic
sfx_0010	转场/Cinematic_Suction_2026-09-24T090923.mp4	Cinematic Suction	电影倒吸	purchased	suction,cinematic,tense
sfx_0011	转场/Cinematic_Suction_to_Silence_2026-09-24T090923.mp4	Cinematic Suction to Silence	倒吸至无声	purchased	suction,transition,cinematic
sfx_0012	转场/Dark_Brass_Impact_2026-09-24T091613.wav	Dark Brass Impact	暗铜管撞击	elevenlabs	impact,braam,dark
sfx_0013	转场/Dark_Horizon_Impact_2026-09-24T091613.wav	Dark Horizon Impact	暗地平线撞击	elevenlabs	impact,dark,epic
sfx_0014	转场/Desolate_Voids_2026-09-24T093007.wav	Desolate Voids	荒芜虚空	elevenlabs	drone,bed,dark,space
sfx_0015	转场/Droplet_Reflection_2026-09-24T091912.wav	Droplet Reflection	水滴倒影	elevenlabs	droplet,water,bright,calm
sfx_0016	转场/Fading_Shimmer_2026-09-24T092817.wav	Fading Shimmer	渐隐闪烁	elevenlabs	shimmer,bright,dreamy,ending
sfx_0017	转场/Gentle_Transitions_2026-09-24T091715.wav	Gentle Transition	轻柔转场	elevenlabs	transition,whoosh,calm,warm
sfx_0018	转场/Glacial_Fracture_2026-09-24T092136.wav	Glacial Fracture	冰川断裂	elevenlabs	fracture,ice,tense,nature
sfx_0019	转场/Glistening_Dreams_2026-09-24T091943.wav	Glistening Dreams	闪烁梦境	elevenlabs	shimmer,dreamy,bright
sfx_0020	转场/Glistening_High_Frequency_Particles_2026-09-24T091943.wav	Glistening Particles	高频粒子闪烁	elevenlabs	shimmer,bright,dreamy
sfx_0021	转场/Harp_Ascent_2026-09-24T092019.wav	Harp Ascent	竖琴上扬	elevenlabs	harp,riser,bright,hopeful
sfx_0022	转场/Inward_Air_2026-09-24T091340.wav	Inward Air	内收气流	elevenlabs	whoosh,suction,transition
sfx_0023	转场/Inward_Breath_Transition_2026-09-24T091415.wav	Inward Breath Transition	吸气转场	elevenlabs	whoosh,suction,transition
sfx_0024	转场/Inward_Pull_2026-09-24T091340.wav	Inward Pull A	内收拉扯 A	elevenlabs	whoosh,suction,transition
sfx_0025	转场/Inward_Pull_2026-09-24T091415.wav	Inward Pull B	内收拉扯 B	elevenlabs	whoosh,suction,transition
sfx_0026	转场/Kinetic_Dissolve_2026-09-24T092217.wav	Kinetic Dissolve	动能消散	elevenlabs	transition,whoosh,glitch
sfx_0027	转场/Kinetic_Lift_2026-09-24T091445.wav	Kinetic Lift	动能升起	elevenlabs	riser,whoosh,bright,buildup
sfx_0028	转场/Low_Brass_Swell_2026-09-24T092516.wav	Low Brass Swell	低铜管涌起	elevenlabs	braam,drone,dark,epic
sfx_0029	转场/Ominous_Descent_2026-09-24T092516.wav	Ominous Descent	不祥下坠	elevenlabs	downlifter,dark,tense
sfx_0030	转场/Resonant_Dawn_2026-09-24T092730.wav	Resonant Dawn	共鸣黎明	elevenlabs	drone,bed,hopeful,warm
sfx_0031	转场/Scene_Fade_Out_2026-09-24T091553.wav	Scene Fade Out	场景淡出	elevenlabs	transition,ending,calm
sfx_0032	转场/Soft_Airy_Shimmer_2026-09-24T091715.wav	Soft Airy Shimmer	柔和空灵闪烁	elevenlabs	shimmer,calm,bright,dreamy
sfx_0033	转场/Soft_Droplet_2026-09-24T091912.wav	Soft Droplet	柔和水滴	elevenlabs	droplet,water,calm
sfx_0034	转场/Soft_Warm_Shimmer_2026-09-24T092817.wav	Soft Warm Shimmer	温暖闪烁	elevenlabs	shimmer,warm,calm
sfx_0035	转场/Static_Cold_2026-09-24T092923.wav	Static Cold	冷寂静电	elevenlabs	static,glitch,tense,dark
sfx_0036	转场/Stygian_Blast_2026-09-24T092612.wav	Stygian Blast	冥河爆响	elevenlabs	impact,dark,deep
sfx_0037	转场/Subterranean_Hit_2026-09-24T091056.wav	Subterranean Hit	地下重击	elevenlabs	impact,deep,dark
sfx_0038	转场/Subzero_Fracture_2026-09-24T092136.wav	Subzero Fracture	零下断裂	elevenlabs	fracture,ice,tense,nature
sfx_0039	转场/Sustained_Ascent_2026-09-24T092730.wav	Sustained Ascent	持续上扬	elevenlabs	riser,drone,epic,buildup
sfx_0040	转场/Sustained_Embers_2026-09-24T092704.wav	Sustained Embers	余烬铺底	elevenlabs	bed,drone,warm,calm
sfx_0041	转场/Sustained_Warmth_2026-09-24T092704.wav	Sustained Warmth	温暖铺底	elevenlabs	bed,drone,warm,calm
sfx_0042	转场/System_Corruption_2026-09-24T091724 (1).wav	System Corruption A	系统崩坏 A	elevenlabs	glitch,static,tense,scifi
sfx_0043	转场/System_Corruption_2026-09-24T091724.wav	System Corruption B	系统崩坏 B	elevenlabs	glitch,static,tense,scifi
sfx_0044	转场/The_Breath_Before_2026-09-24T091330.wav	The Breath Before	屏息之前	elevenlabs	suction,whoosh,tense,buildup
sfx_0045	转场/The_Descent_2026-09-24T091553.wav	The Descent	下坠	elevenlabs	downlifter,dark,deep
sfx_0046	转场/Transition_Impact_2026-09-24T092217.wav	Transition Impact	转场撞击	elevenlabs	impact,transition,cinematic
sfx_0047	暴风雪_底噪垫.mp3	Blizzard Bed	暴风雪 底噪垫	purchased	wind,storm,bed,nature
sfx_0048	暴风雪_近场细节.mp3	Blizzard Close Detail	暴风雪 近场细节	purchased	wind,storm,nature
sfx_0049	暴风雪_阵风.mp3	Blizzard Gusts	暴风雪 阵风	purchased	wind,storm,nature
sfx_0050	SnowStorm_A.mp3	Snowstorm A	雪暴 A	purchased	wind,storm,nature
sfx_0051	企鹅声音.mp3	Penguin Calls	企鹅叫声	purchased	animal,nature
sfx_0052	结冰.mp3	Freezing Ice	结冰	purchased	ice,fracture,nature
sfx_0053	快速水声.mp3	Rushing Water	快速水声	purchased	water,nature
sfx_0054	鱼缸气泡.mp3	Aquarium Bubbles	鱼缸气泡	purchased	bubbles,water
sfx_0055	鱼缸水流动.mp3	Aquarium Water Flow	鱼缸水流动	purchased	water,bubbles
sfx_0056	布料撕裂.mp3	Cloth Tearing	布料撕裂	purchased	cloth,fracture
sfx_0057	Large_ship_hull_crea_#2-1790346842150.wav	Ship Hull Creak 2	船体吱嘎 2	purchased	creak,mechanical,dark
sfx_0058	Large_ship_hull_crea_#3-1790346842150.wav	Ship Hull Creak 3	船体吱嘎 3	purchased	creak,mechanical,dark
sfx_0059	Large_ship_hull_crea_#4-1790346842151.wav	Ship Hull Creak 4A	船体吱嘎 4A	purchased	creak,mechanical,dark
sfx_0060	Large_ship_hull_crea_#4-1790346884541.wav	Ship Hull Creak 4B	船体吱嘎 4B	purchased	creak,mechanical,dark
sfx_0061	Mechanical_gears_rot_#1-1790346684405.wav	Mechanical Gears 1	机械齿轮 1	purchased	mechanical,gears
sfx_0062	Mechanical_gears_rot_#2-1790346699765.wav	Mechanical Gears 2	机械齿轮 2	purchased	mechanical,gears
sfx_0063	Sci-fi_mechanism_rot_#1-1790346737158.wav	Sci-fi Mechanism	科幻机械	purchased	mechanical,scifi
